sid,log_h_gain,log_h_loss,log_beta,beta0,a,b,log_sigma,tau_raw,tau,ll_choice,ll_rt,conv,h_gain,h_loss,beta,sigma
2rrjzhgj9,0.5974640762829732,1.571914050565519,-0.5430040925932672,-0.21844432157177127,0.45735608741740724,1.0933701672080645,-0.45312357153598093,0.8707042903579499,0.44906216534283055,-138.27327693050248,-259.56745458755927,False,1.8175039001000741,4.815857171882108,0.5810002495610266,0.6356395818136752
3lmzwis6r,-1.882815479275204,2.0795012871734864,1.954794652154341,-2.9787734339289003,1.1439490120526272,0.6535138611910492,-0.7548922688805711,-0.29877312641313836,0.5249748952272003,-73.6153890753417,-279.48372615066063,True,0.15216109569438818,8.000477978227584,7.0624686120723315,0.4700612522277745
4f8msviwg,-1.551848187721764,2.3639807337414243,1.2824427189595577,-0.919639737531459,0.66380359091568,-0.03463768615256444,-1.2948561756733987,-1.7584307713598655,0.07115786860937894,-89.5337234338141,-160.1429646386036,True,0.21185606200241566,10.633195235075986,3.6054360447115212,0.2739372603403249
52b64k0rp,2.7790646750222,5.246661843747829,0.052824775005979686,-1.7729556789525542,-1.5220270681247452,-2.879993359658875,-0.6506619950178768,0.9151417629907788,0.48953563301181774,-96.80623785358702,-206.31031514336559,True,16.103951473643676,189.9311890649855,1.0542448988776472,0.5217002994224519
5wlmihb4c,3.411622375162164,2.8305498859975495,-1.1680207904558355,-0.4827644113071839,0.4049663157510804,1.2807712493637717,-0.6357783768307091,0.8539621505834063,0.6144600977025723,-135.21286652200695,-179.87415646439808,True,30.314385692104516,16.95478145857867,0.3109818307746994,0.5295231593061842
6owg3par9,1.3231829775742765,-2.872187793392244,0.4307593078561253,0.51651887712793,0.32348442768133284,0.40933282016845685,-0.36524581202572537,1.3662690107102393,0.704248604131195,-130.30580847513653,-256.58604800287094,True,3.755355586640363,0.056575016637029206,1.538425218526682,0.6940260299641701
8py7pm5i0,-2.8903235012462565,4.987172663808916,1.3836432026286976,-2.5625638692741237,-0.14807992429403283,0.4301896920043473,-0.3399964146599433,2.3275168415537526,0.518119812112812,-80.85845478418042,-130.19459893510685,True,0.05555823654523773,146.52157156704754,3.9894094109034532,0.7117728747058338
95vrrzevd,-2.89116958886061,4.821801501356211,1.7772031840341784,-3.1608179245011856,0.7805056889330395,0.6799836509946087,-1.0098548920347548,-0.0451522859721389,0.3719659727672569,-56.02935667188356,-139.63594460805888,True,0.0555112492898919,124.18861533843203,5.913294872079067,0.3642718344812941
bh348lli7,-2.086791137011333,-0.017074233737181435,-1.0567441324054807,0.42438411852847757,-1.4731779606595905,2.06650923026275,0.0846733138733933,3.7134893612449447,0.2468253711143267,-102.65656838891391,117.20123291181879,True,0.12408466836237939,0.9830707049138251,0.3475856629029336,1.0883614560266075
c0ry57ax9,0.560143266526672,2.9268444155981777,1.2148740720980788,-1.5589066150640314,-0.533486209469107,-0.05623577330967989,-0.5705203594385501,1.0396892455332507,0.3711134463114196,-75.66637808439543,-70.24396162039437,True,1.7509233310319539,18.668627022178036,3.369869676982894,0.565231238751268
ck5f3lx8c,-2.394242625818891,3.8046751736638385,1.6581872466291463,-2.612621304205591,0.8858722774035828,0.5457283487422704,-0.8587833281669618,0.30246516031972265,0.6546887721956254,-79.56936163219754,-219.45148690407188,True,0.0912417569112769,44.91065957844131,5.249785647010516,0.42367724503254767
ctdyczfpw,-1.4961281549004521,2.169539439706212,1.8604979810097795,-1.811570089329595,0.48414768976198397,0.5529145423675753,-0.6626475671112444,1.2628892861056527,0.6899246983300981,-67.25913209709036,-169.04578407992247,True,0.22399576021889342,8.754251251612512,6.426936466980815,0.5154847457630538
dasemqdsv,3.7620581976624172,-2.7675193917078094,0.5610429144116351,1.2344953917419912,0.44350180351058477,1.262871762874871,-0.4680110797855866,1.5174179086646031,0.6370609603511354,-118.75847681173259,-182.8661825797522,True,43.03691335974,0.06281763758297342,1.7524992542851685,0.6262465849412308
derouhkrw,-0.36376302483355644,-3.383609185348943,0.6180331207795297,-0.027420408383842736,0.2331571335176947,0.26352899186003476,-0.627216040850179,0.8792818102823626,0.6086577756789078,-116.55499491879203,-185.8530396852992,True,0.6950558862125685,0.03392479264805713,1.8552753482895843,0.5340765806483911
dm8t9csqy,1.8748797743467585,3.1761021421193996,1.1897293271842415,-1.9304524013231794,-0.1275324640172844,-0.5851773895917451,-0.633220658944395,0.6930562838663671,0.603353718208587,-103.69324715066415,-188.85412821552404,True,6.5200351977164495,23.953205161836095,3.2861916042582116,0.530879263688883
eqi6zanpf,-2.551481982867867,2.563007047838912,2.004779245365778,-2.371630565393452,0.7402003092310744,0.7097223889281874,-0.6347748958112719,1.038041500652342,0.7245074312763058,-34.09141254387619,-184.40925515154873,True,0.07796603601183943,12.97477448072071,7.424454733049097,0.5300547924431699
etxmnk1pg,-1.4857883555413913,4.006361549915136,1.3598597374772483,-2.1357609533593513,0.814681826224905,0.31450905011247887,-0.6048343420217385,0.5978481978635569,0.7099924983187553,-87.48056904603112,-290.0010390733833,True,0.22632384666867303,54.94658601120777,3.895646850217811,0.5461648957184623
goz8d3fp9,5.225644424462397,-3.065745310959247,1.6211743096819546,2.8578479066302505,0.8680731424740796,0.48396118037065133,-0.7226314586220741,-0.05732315489874593,0.38272985664908205,-76.75738877550131,-248.2986992225259,True,185.9809826116238,0.04661908319945505,5.059027694924541,0.4854730713380637
hrqn8w6vu,1.7253031245190975,1.4858078134944168,1.5620756239389848,0.5051916569771534,0.7104459956392957,0.7195742721885096,-0.524552926806845,0.980597304788334,0.5829471193349292,-85.058889806365,-237.19301445817467,True,5.614222580309034,4.4185333223251195,4.7687090265436165,0.5918198920397002
ig1j8ozi9,1.1678575778447025,3.3735889577917955,1.3997855728517983,-2.098981691281253,0.4396066993162038,0.25707965182798886,-0.4476434568338443,1.2956874805479215,0.7284454621817169,-101.14291516443323,-254.3115529442392,True,3.2150971592667865,29.183076162996556,4.054330515100757,0.6391325217454089
iogaivfgt,-3.012120570439043,2.6338442347058852,1.376549515750047,-2.5116210262338576,1.3500447040236014,0.6400378484942274,-0.8989501656959349,-0.4682553344824025,0.393605407425615,-81.39595481554292,-294.89832201890084,True,0.04918726303317247,13.927206575638701,3.961209927116485,0.4069967146456081
ir0t9ca41,2.1346140960024873,-2.9826859155754635,1.1419642658952467,1.1614509507579691,0.33109701688279763,0.02491441051281087,-0.6062078965304258,-1.2922118226518002,0.08330297727284632,-98.81946220149484,-225.89229404511232,True,8.453783528446108,0.05065659165074724,3.1329162056682165,0.5454152234391952
jtf46arcd,-2.4140417015792215,4.657866571904578,1.680696311706909,-3.6583919243077765,1.3445526783140316,1.052739581377591,-0.6674872811635941,-0.3776377668483592,0.2077569754744339,-45.58187133961104,-262.04038267471077,True,0.08945302054923819,105.4109554023565,5.369293371605591,0.5129959743241033
kimjztxjq,2.047971262510161,-1.5829691462334827,1.5687825572901228,0.6279505227861658,1.004106886280073,-0.07634317393077857,-0.8040616834330883,-0.5505291394784482,0.30396971676713747,-87.16133800620007,-330.3534309068921,True,7.752158048780125,0.2053644350405994,4.800799935654671,0.4475076334458819
kqi5vqk0e,3.650198780928712,4.11190240906396,1.5019359302878692,-3.1102822692419796,0.5268033587071381,1.274987534120729,-0.24088440450808787,1.5517114784201544,0.31377481498094606,-46.24798920986236,-149.71412063373987,True,38.48231483907284,61.062773515484864,4.490373711667862,0.785932471388248
ljm2sl8s0,-2.8964614641073614,2.4120957379300454,1.9657745769426729,-3.8887979684828617,0.5866537540229649,-0.044993060280426864,-0.898217387724722,-0.8345379408556934,0.24428245560642967,-63.97706962892488,-226.76665717564615,True,0.05521826658155177,11.157319477671104,7.140441269856253,0.4072950621703532
mu73zwng6,-2.7771968977750476,4.094764077079698,1.0776853031476852,-1.641395537024467,0.8412323435558505,0.7518613918951415,-0.655040167237356,-0.6040326565543153,0.21654531936835542,-94.88981793611708,-237.2086168786114,True,0.062212651613441854,60.025176171975694,2.937871393028327,0.5194211984534576
n08qsd76x,2.840957812045703,-1.5688033609853895,1.7353205918294587,2.118459885551792,0.4641406223097305,0.24751707735922807,-0.5407762995473407,1.1828420548673149,0.6350396209964095,-79.74223322327364,-234.90522265988898,True,17.132167077091147,0.20829428635308556,5.670745507095514,0.5822960407180201
nvbinkqjq,-2.2082983953880277,4.422407304834644,1.6030206355798062,-2.6200523738166828,0.8173026388528618,0.6005388129760804,-0.6621296701697708,0.7182890186824452,0.5980918912751667,-75.41002733247736,-233.77624556246636,True,0.10988747455190541,83.29656441748153,4.968016349459689,0.5157517828791449
o7piq7dwr,-3.5189540642225836,4.0393209728636785,1.0807230184628842,-1.5865487414978843,0.7213812482356966,1.0212359551432524,-1.0430418667061006,-1.2919946114876713,0.09217162348437376,-63.97568990475983,-79.53779782562214,False,0.029630410472391143,56.7877692743655,2.946809378607758,0.35238115352259397
od96gfdym,0.7007174995142802,3.212517092071113,0.8288481703285311,-1.6277196228978588,0.24636585890929558,-0.00045532239348855573,-0.5397065538039119,0.5923390560576764,0.44335526408586207,-116.23078096466844,-224.98874586963657,True,2.015198092529498,24.841536029034636,2.29067874839537,0.5829192827248014
omy06qkfz,4.510218094678288,3.792083180143715,0.3577564673820273,-1.2427809259389826,-0.8932065315043994,0.3730749449398954,-0.5334081256709925,1.135161082853727,0.21075620473522877,-113.19395411580949,35.145480234103175,True,90.94165023780548,44.34869042539846,1.430117297858104,0.5866023445086731
orxx7nl6z,-2.779654839856798,-3.090733624269305,0.5251120234021887,0.2235240726544965,-0.4388664648767897,0.9139870864117456,-0.22856628712102056,2.0947838315074483,0.25175388915852626,-68.46760379160307,-25.916710269848878,True,0.06205992429336898,0.045468585308255614,1.690648229937932,0.7956735525472877
p5lejwwzi,-1.8066003523600709,-1.221639750284388,-0.8470067017742816,-0.21575834571440985,-0.1382100061260324,0.4209103926485518,-0.526454756454897,-0.716590468189979,0.08348973554018671,-135.2739977251514,-136.10046455348245,True,0.16421145000013118,0.294746459861619,0.4286962290015878,0.5906954210377872
qhp782ect,-0.5078763762856492,-2.931823100721306,0.23682947212607716,1.1390832778617492,1.3228844664302757,1.659575246890339,-0.6887771724639227,0.41335193185291697,0.48623189706122366,-94.98796608553911,-215.83173863817427,True,0.6017721604735808,0.05329977865030504,1.2672250021635387,0.5021897852527987
rncbe0zlg,-1.823454770842831,4.0432588365783095,1.6881566256386797,-3.6395372406845836,0.5606681510931912,0.797294527996308,-0.6125694806151059,1.291144013414266,0.7524259367503676,-84.38849532100659,-183.49984298502392,True,0.16146695490566892,57.011832646395575,5.409499775468909,0.5419565316778124
ru26ufirj,1.3724987587401198,-2.787281979163032,0.6568160297944076,0.562533561038661,0.235464053708823,0.574043235257077,0.055594777692967105,0.12890737603688762,0.13297958230373436,-121.31002609949964,-293.88429905115527,True,3.9451964834176363,0.06158838513877105,1.9286418099945142,1.0571692083830437
rv0b4sx2y,2.748786018947925,-1.9281152492270917,1.4714511521300988,1.6625628191298305,0.3006723885907029,0.7277456140742872,-0.654721673753498,0.6345429161522202,0.3329377869967296,-72.17903450856807,-109.62932006647202,True,15.623653547477543,0.1454220246288624,4.355551124520046,0.5195866570678894
s4xqtibhr,0.4827081859557649,2.282135536109999,-0.455881285071182,-0.30094736855492044,-2.1550689513597225,-1.1631005385731559,0.3282277164319964,4.19742962969579,0.25007631009474707,-114.9311794422884,36.155576123239065,True,1.6204569639098552,9.797581172803536,0.6338890847295243,1.3885051217239632
t0p3bj6ne,-2.7173468691617852,4.140883195117881,1.66115563187062,-2.8312752078218546,0.8292167278868469,0.9964471041044781,-0.2099139881481319,1.9184489030483203,0.6766119896121908,-89.34056802598255,-288.04988616819855,True,0.0660497608236088,62.85831309586333,5.265392184894863,0.8106539688207308
ta33uq804,-1.967480613639882,0.7686001230184908,0.161264168759874,-0.6663033780634933,0.8578323202462852,0.7727773555204035,-0.30981155676274463,-1.7145878485423591,0.042141248432905405,-126.28896576077283,-344.48873873073165,True,0.13980864487612538,2.156744961932651,1.174995324876709,0.7335851823665571
u3yyfob1i,-0.519714805762949,0.9857370586856764,-0.0963551581501628,-0.7176081669471576,-0.18426514996077947,0.24320902506878983,-0.6818807772113724,1.3711376245618336,0.5625816301444498,-124.48167335093422,-95.32017440971595,True,0.5946901259844706,2.679786316475832,0.9081414249580917,0.5056650541439207
uq15yb622,-1.451761155452759,0.3284496493777751,2.0160014026541604,-1.207232515286274,0.7717329716765335,0.30705445956575933,-0.5109785231605654,1.2766892462226536,1.1050578050732363,-60.75668073120163,-291.6121274029286,True,0.2341575369180427,1.3888133109532632,7.508242391658331,0.5999082673763653
vdnjz8uta,-1.2158432287751,1.7516018916535514,2.455584697657788,-2.0242484842823685,0.9886750080241979,1.071255164569357,-0.4805957800865208,1.8322987959313823,0.9475466718478912,-60.60789052836402,-235.90046964020502,True,0.29645992532805693,5.763828313264798,11.653245182476127,0.6184148427814193
vr0a0xs4k,4.697961372888772,-4.266406395811394,0.08446901919407654,0.9307766870766101,-0.06986946980722367,1.220341506344712,-0.6076878413420461,0.9783263311508079,0.36824431604330554,-124.2847066130874,-60.028627906987694,True,109.72325948063535,0.014032118536394798,1.08813913228252,0.5446086360087472
x71tw2ykd,-3.9849322802629263,4.0992716347789075,1.8387056912789588,-3.149532731517648,0.9138599517519059,1.0738204068957946,-0.27137087066915117,1.5055780149605533,0.7862383561387346,-63.90955254619484,-259.7081460243603,True,0.01859370344081198,60.29635383230088,6.288393868459185,0.7623337167553181
xh8tt6q04,-4.628770962495477,3.124786639322514,1.6004662637911184,-2.840230694634783,0.9061879697336507,0.6034112962900867,-1.0061301748602123,-0.8062353008974131,0.24803013543514485,-64.61325583568981,-178.44840397509532,True,0.00976675543759016,22.755039544900054,4.955342382553921,0.365631174045531
xq3i744zg,0.9528741591700288,2.8031241771937636,0.795210944467428,-1.9028474930486234,0.2950296749588862,0.3395713376981266,-0.5411864448314402,-0.9358054711873777,0.09282820757756657,-92.62024068682658,-196.83439010797616,True,2.593152090687024,16.496103098988634,2.21490817015288,0.5820572637129484
yj444yij9,1.904549161469769,-2.8457931722272147,0.9400353842536358,0.4281329364536396,0.4581350037798096,0.3206228601277863,-0.6437229214783861,0.0011330245185587312,0.3738871917283578,-105.18868441057478,-217.13626622512447,True,6.716378942551347,0.05808817453593843,2.560072002963706,0.5253330053962227
